matrixname,type,dim,nbnnz,nbnnzperrow,hsum,factox,scalar,1rVc,2rVc,4rVc,8rVc,1rVcpar,2rVcpar,4rVcpar,8rVcpar,valvec1vs,ratio1vs,valvec2vs,ratio2vs,valvec4vs,ratio4vs,valvec8vs,ratio8vs
bundle,double,513351,20208051,39.365,no,no,0.383601,1.07861,1.42331,1.50765,1.38721,34.8389,47.0374,51.403,52.8405,5.8276,72.84,11.3237,70.77,20.7249,64.76,32.8884,51.38
bundle,double,513351,20208051,39.365,no,yes,0.383556,1.07808,1.50068,1.79332,1.29629,34.6407,53.4832,67.0836,53.0111,5.8276,72.84,11.3237,70.77,20.7249,64.76,32.8884,51.38
bundle,float,513351,20208051,39.365,no,yes,0.386431,1.33302,1.97727,2.46814,2.1908,42.4463,69.0285,89.3456,77.4043,8.9392,55.87,17.45,54.53,32.4609,50.72,58.888,46.00
bundle,float,513351,20208051,39.365,no,no,0.386411,1.33295,1.80396,1.86179,2.04475,42.3916,58.651,56.6156,69.1508,8.9392,55.87,17.45,54.53,32.4609,50.72,58.888,46.00
bundle,double,513351,20208051,39.365,yes,no,0.383644,1.07837,1.42323,1.50669,1.38636,34.8551,46.6537,51.3723,52.0541,5.8276,72.84,11.3237,70.77,20.7249,64.76,32.8884,51.38
bundle,double,513351,20208051,39.365,yes,yes,0.383652,1.07839,1.50107,1.79355,1.35986,34.6267,53.3781,67.043,53.2155,5.8276,72.84,11.3237,70.77,20.7249,64.76,32.8884,51.38
bundle,float,513351,20208051,39.365,yes,yes,0.386417,1.33246,1.97827,2.4712,2.09062,42.1763,69.0887,88.7856,77.2839,8.9392,55.87,17.45,54.53,32.4609,50.72,58.888,46.00
bundle,float,513351,20208051,39.365,yes,no,0.386382,1.33343,1.80433,1.86226,2.04544,42.43,59.2675,57.1015,69.1076,8.9392,55.87,17.45,54.53,32.4609,50.72,58.888,46.00
CO,double,221119,7666057,34.6694,no,no,0.348719,0.409531,0.529506,0.53135,0.507073,17.5883,23.2883,23.4426,22.765,1.46532,18.31,2.89192,18.07,5.65586,17.67,10.4432,16.31
CO,double,221119,7666057,34.6694,no,yes,0.348697,0.409416,0.543097,0.604848,0.458533,7.19036,23.6428,26.8509,20.773,1.46532,18.31,2.89192,18.07,5.65586,17.67,10.4432,16.31
CO,float,221119,7666057,34.6694,no,yes,0.354417,0.422491,0.571611,0.649789,0.513099,17.4368,24.1864,28.7951,23.2927,1.57681,9.85,3.11534,9.73,6.09944,9.53,11.4373,8.93
CO,float,221119,7666057,34.6694,no,no,0.354453,0.422694,0.565439,0.551248,0.555212,17.4754,24.3142,24.2235,24.9176,1.57681,9.85,3.11534,9.73,6.09944,9.53,11.4373,8.93
CO,double,221119,7666057,34.6694,yes,no,0.348722,0.409561,0.529907,0.531765,0.506893,17.5696,23.2545,23.4608,22.8049,1.46532,18.31,2.89192,18.07,5.65586,17.67,10.4432,16.31
CO,double,221119,7666057,34.6694,yes,yes,0.348644,0.409804,0.543714,0.605473,0.461201,17.4613,23.6573,26.9246,20.7691,1.46532,18.31,2.89192,18.07,5.65586,17.67,10.4432,16.31
CO,float,221119,7666057,34.6694,yes,yes,0.354306,0.422459,0.571626,0.6498,0.534849,17.5177,24.2061,28.5949,23.4666,1.57681,9.85,3.11534,9.73,6.09944,9.53,11.4373,8.93
CO,float,221119,7666057,34.6694,yes,no,0.354467,0.422685,0.565204,0.551366,0.555237,17.5146,24.3589,24.2332,24.782,1.57681,9.85,3.11534,9.73,6.09944,9.53,11.4373,8.93
crankseg,double,63838,14148858,221.637,no,no,0.383642,1.52863,1.76192,1.47728,1.17681,57.5303,68.1206,62.7316,51.9561,5.33808,66.72,9.54685,59.66,15.6876,49.02,24.3268,38.01
crankseg,double,63838,14148858,221.637,no,yes,0.383517,1.52725,1.76613,1.62901,1.04854,57.3318,69.5662,69.7664,46.4943,5.33808,66.72,9.54685,59.66,15.6876,49.02,24.3268,38.01
crankseg,float,63838,14148858,221.637,no,yes,0.387376,2.10583,2.58477,2.49042,1.66603,74.9562,101.562,104.804,73.1005,7.93748,49.60,14.3241,44.76,23.8658,37.29,37.7087,29.45
crankseg,float,63838,14148858,221.637,no,no,0.38737,2.10322,2.60476,2.22993,1.8628,76.5493,102.604,92.8105,81.7404,7.93748,49.60,14.3241,44.76,23.8658,37.29,37.7087,29.45
crankseg,double,63838,14148858,221.637,yes,no,0.383615,1.52752,1.76226,1.47724,1.17686,57.682,67.4605,62.5368,52.2662,5.33808,66.72,9.54685,59.66,15.6876,49.02,24.3268,38.01
crankseg,double,63838,14148858,221.637,yes,yes,0.383573,1.52758,1.76802,1.63068,1.08402,57.607,68.8471,69.7,46.3493,5.33808,66.72,9.54685,59.66,15.6876,49.02,24.3268,38.01
crankseg,float,63838,14148858,221.637,yes,yes,0.387428,2.10396,2.58005,2.4854,1.66578,76.0597,101.906,104.706,73.57,7.93748,49.60,14.3241,44.76,23.8658,37.29,37.7087,29.45
crankseg,float,63838,14148858,221.637,yes,no,0.387373,2.10097,2.59787,2.22567,1.8596,75.9808,101.313,91.6667,80.2034,7.93748,49.60,14.3241,44.76,23.8658,37.29,37.7087,29.45
dense,double,2048,4194304,2048,no,no,0.394319,2.77571,3.33755,3.03463,3.12442,89.2106,103.814,96.9898,93.307,8,100.00,16,100.00,32,100.00,64,100.00
dense,double,2048,4194304,2048,no,yes,0.39417,2.78217,3.40056,3.48721,2.48909,90.9424,105.672,106.815,90.3018,8,100.00,16,100.00,32,100.00,64,100.00
dense,float,2048 2048,4194304 4194304,2048 2048,no,yes,0.396115,5.50939,6.91529,6.51376,6.35554,156.404,187.568,180.617,165.882,16,100.00,32,100.00,64,100.00,128,100.00
dense,float,2048,4194304,2048,no,no,0.396084,5.48181,6.79613,6.40827,6.39169,147.264,173.521,168.824,165.591,16,100.00,32,100.00,64,100.00,128,100.00
dense,double,2048,4194304,2048,yes,no,0.394378,2.7757,3.33587,3.03385,3.12474,90.5644,104.307,97.3239,95.6026,8,100.00,16,100.00,32,100.00,64,100.00
dense,double,2048,4194304,2048,yes,yes,0.394231,2.78158,3.40071,3.48845,2.5084,89.7162,102.854,104.545,89.8778,8,100.00,16,100.00,32,100.00,64,100.00
dense,float,2048,4194304,2048,yes,yes,0.395927,5.5103,6.78269,6.99344,5.67819,158.577,188.429,192.037,160.59,16,100.00,32,100.00,64,100.00,128,100.00
dense,float,2048,4194304,2048,yes,no,0.396071,5.49003,6.79765,6.3936,6.39124,150.167,173.797,167.775,163.914,16,100.00,32,100.00,64,100.00,128,100.00
dielFilterV2real,double,1157456,48538952,41.9359,no,no,0.357042,0.604324,0.628379,0.482911,0.36037,25.0166,25.7656,19.8811,15.1701,2.55459,31.93,3.58155,22.38,5.09563,15.92,7.17196,11.20
dielFilterV2real,double,1157456,48538952,41.9359,no,yes,0.35702,0.604262,0.636893,0.544532,0.320259,25.0436,25.9252,22.1061,13.7239,2.55459,31.93,3.58155,22.38,5.09563,15.92,7.17196,11.20
dielFilterV2real,float,1157456,48538952,41.9359,no,yes,0.361171,0.676686,0.786262,0.729819,0.45876,29.6342,34.2293,31.9689,20.6625,3.26432,20.40,4.74359,14.82,6.98506,10.91,10.1935,7.96
dielFilterV2real,float,1157456,48538952,41.9359,no,no,0.361181,0.676749,0.788223,0.626408,0.505596,29.7094,34.0763,27.6073,22.5918,3.26432,20.40,4.74359,14.82,6.98506,10.91,10.1935,7.96
dielFilterV2real,double,1157456,48538952,41.9359,yes,no,0.35701,0.604293,0.628384,0.482854,0.360356,25.1646,25.8289,20.0547,15.262,2.55459,31.93,3.58155,22.38,5.09563,15.92,7.17196,11.20
dielFilterV2real,double,1157456,48538952,41.9359,yes,yes,0.357005,0.604207,0.636439,0.544181,0.334245,25.0996,25.8798,22.3568,13.6929,2.55459,31.93,3.58155,22.38,5.09563,15.92,7.17196,11.20
dielFilterV2real,float,1157456,48538952,41.9359,yes,yes,0.361176,0.676784,0.785992,0.729241,0.458877,29.6134,20.6323,32.1689,20.5712,3.26432,20.40,4.74359,14.82,6.98506,10.91,10.1935,7.96
dielFilterV2real,float,1157456,48538952,41.9359,yes,no,0.361206,0.676927,0.788121,0.62625,0.505519,29.5245,33.9028,27.6248,22.5845,3.26432,20.40,4.74359,14.82,6.98506,10.91,10.1935,7.96
Emilia,double,923136,41005206,44.4195,no,no,0.359264,0.822102,1.0414,0.931091,0.752347,36.082,43.8324,39.7009,32.8645,4.0514,50.64,6.97117,43.56,10.898,34.05,15.9949,24.99
Emilia,double,923136,41005206,44.4195,no,yes,0.359173,0.822116,1.07171,1.06396,0.682765,36.2429,44.3824,44.4347,29.9846,4.0514,50.64,6.97117,43.56,10.898,34.05,15.9949,24.99
Emilia,float,923136,41005206,44.4195,no,yes,0.362707,0.89802,1.21755,1.44004,0.994807,40.3088,54.099,63.1907,44.7777,4.97073,31.06,9.09644,28.42,15.5441,24.28,23.8118,18.60
Emilia,float,923136,41005206,44.4195,no,no,0.362662,0.897687,1.19243,1.18557,1.05629,40.5058,52.806,53.0941,47.5192,4.97073,31.06,9.09644,28.42,15.5441,24.28,23.8118,18.60
Emilia,double,923136,41005206,44.4195,yes,no,0.359304,0.822363,1.04175,0.932042,0.752822,36.1286,43.5761,39.5639,32.9005,4.0514,50.64,6.97117,43.56,10.898,34.05,15.9949,24.99
Emilia,double,923136,41005206,44.4195,yes,yes,0.359177,0.821739,1.07171,1.06338,0.684056,36.2452,44.6048,44.5144,29.9008,4.0514,50.64,6.97117,43.56,10.898,34.05,15.9949,24.99
Emilia,float,923136,41005206,44.4195,yes,yes,0.362692,0.897862,1.21758,1.43999,0.996511,40.5192,52.7293,63.15,44.8964,4.97073,31.06,9.09644,28.42,15.5441,24.28,23.8118,18.60
Emilia,float,923136,41005206,44.4195,yes,no,0.36268,0.897953,1.19227,1.18555,1.05621,40.4687,53.0775,53.0922,47.7204,4.97073,31.06,9.09644,28.42,15.5441,24.28,23.8118,18.60
FullChip,double,2987012,26621990,8.91258,no,no,0.299367,0.270501,0.318491,0.297427,0.235357,9.23334,9.01182,7.26234,3.79807,1.95349,24.41,2.87584,17.97,4.19656,13.11,5.54615,8.66
FullChip,double,2987012,26621990,8.91258,no,yes,0.299515,0.270485,0.33421,0.346716,0.219038,9.24984,10.2024,8.10355,3.16654,1.95349,24.41,2.87584,17.97,4.19656,13.11,5.54615,8.66
FullChip,float,2987012,26621990,8.91258,no,yes,0.310925,0.27081,0.363105,0.40937,0.290058,11.276,14.0888,13.8135,6.76392,2.20512,13.78,3.38799,10.58,5.0457,7.88,7.09445,5.54
FullChip,float,2987012,26621990,8.91258,no,no,0.310988,0.270811,0.332323,0.32085,0.285435,11.2787,13.787,13.1993,7.63851,2.20512,13.78,3.38799,10.58,5.0457,7.88,7.09445,5.54
FullChip,double,2987012,26621990,8.91258,yes,no,0.299363,0.270512,0.318471,0.297449,0.235347,9.31527,10.253,7.27147,3.65486,1.95349,24.41,2.87584,17.97,4.19656,13.11,5.54615,8.66
FullChip,double,2987012,26621990,8.91258,yes,yes,0.299325,0.270498,0.334224,0.346735,0.227531,9.28175,10.1985,8.08776,3.4002,1.95349,24.41,2.87584,17.97,4.19656,13.11,5.54615,8.66
FullChip,float,2987012,26621990,8.91258,yes,yes,0.31086,0.270806,0.36314,0.409556,0.277981,11.2523,14.0713,13.8113,6.7606,2.20512,13.78,3.38799,10.58,5.0457,7.88,7.09445,5.54
FullChip,float,2987012,26621990,8.91258,yes,no,0.31104,0.270838,0.332261,0.320857,0.285451,11.2713,13.8674,13.1927,7.63888,2.20512,13.78,3.38799,10.58,5.0457,7.88,7.09445,5.54
Hook,double,1498023,60917445,40.6652,no,no,0.357132,0.782878,1.01919,0.895615,0.726543,33.8397,41.7636,37.3861,31.0985,4.10471,51.30,6.94771,43.42,10.6257,33.20,15.567,24.32
Hook,double,1498023,60917445,40.6652,no,yes,0.357092,0.782958,1.04443,1.02678,0.666117,33.7466,42.3542,41.6497,28.6212,4.10471,51.30,6.94771,43.42,10.6257,33.20,15.567,24.32
Hook,float,1498023,60917445,40.6652,no,yes,0.361576,0.891541,1.23446,1.39388,0.959323,40.1355,53.93,59.8296,42.6655,5.51632,34.47,9.53863,29.80,15.0049,23.44,22.6842,17.72
Hook,float,1498023,60917445,40.6652,no,no,0.361585,0.891538,1.21451,1.13484,1.00631,39.9935,53.343,28.0474,44.6883,5.51632,34.47,9.53863,29.80,15.0049,23.44,22.6842,17.72
Hook,double,1498023,60917445,40.6652,yes,no,0.357142,0.783113,1.02004,0.896269,0.726736,33.7357,42.1165,37.2292,31.1146,4.10471,51.30,6.94771,43.42,10.6257,33.20,15.567,24.32
Hook,double,1498023,60917445,40.6652,yes,yes,0.357144,0.783076,1.04428,1.0261,0.66088,33.7774,42.4003,41.7811,28.6668,4.10471,51.30,6.94771,43.42,10.6257,33.20,15.567,24.32
Hook,float,1498023,60917445,40.6652,yes,yes,0.361609,0.891661,1.23442,1.39385,0.999811,40.0212,53.9933,59.7779,42.5604,5.51632,34.47,9.53863,29.80,15.0049,23.44,22.6842,17.72
Hook,float,1498023,60917445,40.6652,yes,no,0.361548,0.891334,1.21451,1.13455,1.00582,39.7301,53.1973,32.9741,44.5567,5.51632,34.47,9.53863,29.80,15.0049,23.44,22.6842,17.72
in-2004,double,1382908,16917053,12.233,no,no,0.335267,0.456975,0.593881,0.596667,0.52798,14.2272,19.0015,19.7542,17.9517,3.8456,48.07,6.23977,38.99,9.63549,30.11,13.8048,21.57
in-2004,double,1382908,16917053,12.233,no,yes,0.335251,0.456876,0.613492,0.711336,0.506262,14.158,18.4762,23.7783,17.1808,3.8456,48.07,6.23977,38.99,9.63549,30.11,13.8048,21.57
in-2004,float,1382908,16917053,12.233,no,yes,0.340553,0.465219,0.682487,0.860941,0.645475,13.9903,22.4979,26.4892,22.8979,5.05545,31.59,8.19896,25.62,12.7695,19.95,18.7614,14.65
in-2004,float,1382908,16917053,12.233,no,no,0.340574,0.465225,0.627759,0.637903,0.624212,13.9971,21.1354,19.1597,21.3286,5.05545,31.59,8.19896,25.62,12.7695,19.95,18.7614,14.65
in-2004,double,1382908,16917053,12.233,yes,no,0.33528,0.457029,0.593855,0.596429,0.527777,14.1902,18.9263,19.75,17.9809,3.8456,48.07,6.23977,38.99,9.63549,30.11,13.8048,21.57
in-2004,double,1382908,16917053,12.233,yes,yes,0.335278,0.457029,0.613565,0.711475,0.505279,14.1462,18.497,23.8115,16.9536,3.8456,48.07,6.23977,38.99,9.63549,30.11,13.8048,21.57
in-2004,float,1382908,16917053,12.233,yes,yes,0.340649,0.465207,0.682525,0.860654,0.645038,13.9905,22.3472,26.4201,22.9562,5.05545,31.59,8.19896,25.62,12.7695,19.95,18.7614,14.65
in-2004,float,1382908,16917053,12.233,yes,no,0.340624,0.465316,0.627648,0.637824,0.624237,14.0024,20.9253,19.1698,21.216,5.05545,31.59,8.19896,25.62,12.7695,19.95,18.7614,14.65
ldoor,double,952203,46522475,48.8577,no,no,0.350335,1.16135,1.30061,1.29062,1.14698,43.4184,46.4311,44.7559,40.6716,6.99245,87.40,12.6971,79.35,21.4457,67.01,32.7222,51.12
ldoor,double,952203,46522475,48.8577,no,yes,0.350308,1.16027,1.34164,1.47374,1.08139,43.4152,47.0017,49.1043,38.9016,6.99245,87.40,12.6971,79.35,21.4457,67.01,32.7222,51.12
ldoor,float,952203,46522475,48.8577,no,yes,0.357181,1.3406,1.56427,1.95886,1.47966,53.1799,59.756,67.4341,52.0321,8.95403,55.96,16.4252,51.32,28.1874,44.04,43.9071,34.30
ldoor,float,952203,46522475,48.8577,no,no,0.357204,1.33996,1.49293,1.58764,1.50894,52.9611,57.9124,59.613,54.7944,8.95403,55.96,16.4252,51.32,28.1874,44.04,43.9071,34.30
ldoor,double,952203,46522475,48.8577,yes,no,0.35032,1.16155,1.3013,1.29167,1.14671,43.4571,46.1823,44.7714,40.7689,6.99245,87.40,12.6971,79.35,21.4457,67.01,32.7222,51.12
ldoor,double,952203,46522475,48.8577,yes,yes,0.350317,1.16058,1.34105,1.47457,1.11881,43.4288,46.6877,49.1269,38.9056,6.99245,87.40,12.6971,79.35,21.4457,67.01,32.7222,51.12
ldoor,float,952203,46522475,48.8577,yes,yes,0.357269,1.34051,1.56525,1.95946,1.47818,53.4319,60.0959,67.7296,52.2254,8.95403,55.96,16.4252,51.32,28.1874,44.04,43.9071,34.30
ldoor,float,952203,46522475,48.8577,yes,no,0.357184,1.34,1.49267,1.58867,1.50942,52.8729,57.9232,59.3779,54.2617,8.95403,55.96,16.4252,51.32,28.1874,44.04,43.9071,34.30
mixtank,double,29957,1995041,66.5968,no,no,0.370156,0.672712,0.711606,0.543029,0.393103,23.8334,27.4059,22.3504,17.1557,2.53752,31.71,3.85991,24.12,5.53927,17.31,7.6973,12.02
mixtank,double,29957,1995041,66.5968,no,yes,0.370194,0.672442,0.72333,0.605167,0.360696,23.2789,28.0593,25.3896,15.4012,2.53752,31.71,3.85991,24.12,5.53927,17.31,7.6973,12.02
mixtank,float,29957,1995041,66.5968,no,yes,0.373358,0.787444,0.919819,0.807623,0.475838,27.0847,34.5908,32.6675,20.635,3.22503,20.15,5.20303,16.25,7.56867,11.82,10.6379,8.31
mixtank,float,29957,1995041,66.5968,no,no,0.373362,0.788617,0.919039,0.71489,0.542301,27.6758,33.317,28.0106,22.9846,3.22503,20.15,5.20303,16.25,7.56867,11.82,10.6379,8.31
mixtank,double,29957,1995041,66.5968,yes,no,0.370073,0.672612,0.711533,0.543023,0.393037,23.2446,27.283,21.951,16.9364,2.53752,31.71,3.85991,24.12,5.53927,17.31,7.6973,12.02
mixtank,double,29957,1995041,66.5968,yes,yes,0.370127,0.672432,0.723486,0.605331,0.346937,23.8821,28.1285,24.9502,15.2527,2.53752,31.71,3.85991,24.12,5.53927,17.31,7.6973,12.02
mixtank,float,29957,1995041,66.5968,yes,yes,0.373368,0.787317,0.920195,0.807753,0.4785,27.8636,34.0326,32.1087,20.6485,3.22503,20.15,5.20303,16.25,7.56867,11.82,10.6379,8.31
mixtank,float,29957,1995041,66.5968,yes,no,0.373376,0.787981,0.918413,0.713998,0.542119,27.7446,33.593,28.1044,23.0351,3.22503,20.15,5.20303,16.25,7.56867,11.82,10.6379,8.31
nd6k,double,18000,6897316,383.184,no,no,0.387663,2.00381,2.43526,2.24874,2.01527,78.3996,76.6098,89.2321,81.355,6.45481,80.68,12.3105,76.94,23.0337,71.98,41.2598,64.46
nd6k,double,18000,6897316,383.184,no,yes,0.387715,2.0052,2.42579,2.48716,1.78303,80.0398,94.9577,97.1294,73.7595,6.45481,80.68,12.3105,76.94,23.0337,71.98,41.2598,64.46
nd6k,float,18000,6897316,383.184,no,yes,0.391992,3.21822,4.10062,4.33483,3.27241,119.522,151.372,153.244,127.13,11.433,71.45,21.9784,68.68,41.3322,64.58,74.473,58.18
nd6k,float,18000,6897316,383.184,no,no,0.392047,3.21689,4.118,3.87712,3.646,119.529,147.247,146.597,140.364,11.433,71.45,21.9784,68.68,41.3322,64.58,74.473,58.18
nd6k,double,18000,6897316,383.184,yes,no,0.387576,2.0019,2.42649,2.24137,2.01273,79.8016,88.4295,89.2043,81.2702,6.45481,80.68,12.3105,76.94,23.0337,71.98,41.2598,64.46
nd6k,double,18000,6897316,383.184,yes,yes,0.388165,2.00921,2.42754,2.49024,1.78749,80.1252,92.9368,96.8575,72.6485,6.45481,80.68,12.3105,76.94,23.0337,71.98,41.2598,64.46
nd6k,float,18000,6897316,383.184,yes,yes,0.391935,3.21793,4.09958,4.33359,3.2668,119.203,149.624,156.43,126.467,11.433,71.45,21.9784,68.68,41.3322,64.58,74.473,58.18
nd6k,float,18000,6897316,383.184,yes,no,0.391943,3.21814,4.12115,3.87837,3.64608,118.971,152.337,146.802,140.484,11.433,71.45,21.9784,68.68,41.3322,64.58,74.473,58.18
ns3Da,double,20414,1679599,82.2768,no,no,0.363007,0.288379,0.216429,0.141643,0.0854196,12.2298,9.35799,6.16509,3.78769,1.19521,14.94,1.33373,8.33,1.49744,4.67,1.72463,2.69
ns3Da,double,20414,1679599,82.2768,no,yes,0.363106,0.288479,0.211794,0.142957,0.0690193,12.0415,9.00178,6.25262,3.05738,1.19521,14.94,1.33373,8.33,1.49744,4.67,1.72463,2.69
ns3Da,float,20414,1679599,82.2768,no,yes,0.371546,0.328084,0.264549,0.179421,0.0936342,13.9261,11.4485,7.91319,4.02509,1.26258,7.89,1.45322,4.54,1.70723,2.66,2.09007,1.63
ns3Da,float,20414,1679599,82.2768,no,no,0.371323,0.328215,0.259976,0.1702,0.109663,13.9939,11.3759,7.56529,4.9095,1.26258,7.89,1.45322,4.54,1.70723,2.66,2.09007,1.63
ns3Da,double,20414,1679599,82.2768,yes,no,0.363053,0.288458,0.216434,0.141597,0.0854313,12.2002,9.28986,6.172,3.78561,1.19521,14.94,1.33373,8.33,1.49744,4.67,1.72463,2.69
ns3Da,double,20414,1679599,82.2768,yes,yes,0.363055,0.288488,0.211759,0.142936,0.0691491,12.1044,8.97529,6.24571,3.05373,1.19521,14.94,1.33373,8.33,1.49744,4.67,1.72463,2.69
ns3Da,float,20414,1679599,82.2768,yes,yes,0.371543,0.328004,0.264555,0.179414,0.0936001,13.8538,11.4461,7.93918,4.02888,1.26258,7.89,1.45322,4.54,1.70723,2.66,2.09007,1.63
ns3Da,float,20414,1679599,82.2768,yes,no,0.371363,0.32822,0.260204,0.170197,0.1096,13.9752,11.3753,7.55491,4.93585,1.26258,7.89,1.45322,4.54,1.70723,2.66,2.09007,1.63
pdb1HYS,double,36417,4344765,119.306,no,no,0.381298,1.57404,1.98996,1.84513,1.6465,60.517,74.7636,70.6549,63.1311,6.18497,77.31,11.5357,72.09,20.3068,63.45,34.6943,54.20
pdb1HYS,double,36417,4344765,119.306,no,yes,0.381393,1.57467,2.00911,2.08337,1.50175,60.1307,73.6121,77.9808,60.4507,6.18497,77.31,11.5357,72.09,20.3068,63.45,34.6943,54.20
pdb1HYS,float,36417,4344765,119.306,no,yes,0.383321,2.0582,2.83348,3.29295,2.52831,77.9611,104.488,118.58,96.8359,10.4024,65.01,19.5058,60.95,34.6743,54.17,59.9121,46.80
pdb1HYS,float,36417,4344765,119.306,no,no,0.383541,2.05229,2.8354,2.77304,2.66396,76.4878,105.159,104.588,102.157,10.4024,65.01,19.5058,60.95,34.6743,54.17,59.9121,46.80
pdb1HYS,double,36417,4344765,119.306,yes,no,0.381133,1.57437,1.99576,1.84429,1.64597,58.6669,75.1971,70.7142,65.1258,6.18497,77.31,11.5357,72.09,20.3068,63.45,34.6943,54.20
pdb1HYS,double,36417,4344765,119.306,yes,yes,0.381312,1.57372,2.00984,2.08341,1.50229,60.313,75.0327,77.2392,60.6757,6.18497,77.31,11.5357,72.09,20.3068,63.45,34.6943,54.20
pdb1HYS,float,36417,4344765,119.306,yes,yes,0.383346,2.05671,2.82405,3.29653,2.52969,78.2913,102.065,118.313,94.5739,10.4024,65.01,19.5058,60.95,34.6743,54.17,59.9121,46.80
pdb1HYS,float,36417,4344765,119.306,yes,no,0.383483,2.05839,2.83454,2.77242,2.66376,76.3471,105.563,104.503,101.045,10.4024,65.01,19.5058,60.95,34.6743,54.17,59.9121,46.80
pwtk,double,217918,11634424,53.389,no,no,0.366802,1.27749,1.72836,1.87594,1.75719,52.1113,67.2265,74.6099,72.8435,5.98892,74.86,11.8402,74.00,23.3988,73.12,41.9811,65.59
pwtk,double,217918,11634424,53.389,no,yes,0.366835,1.27684,1.82197,2.22459,1.70435,52.3165,68.8993,85.5846,69.6589,5.98892,74.86,11.8402,74.00,23.3988,73.12,41.9811,65.59
pwtk,float,217918,11634424,53.389,no,yes,0.369113,1.75915,2.21881,2.91017,2.5313,64.0108,83.1923,117.93,103.162,8.9973,56.23,17.7592,55.49,35.0666,54.79,68.6295,53.61
pwtk,float,217918,11634424,53.389,no,no,0.369108,1.7604,2.13347,2.29242,2.54728,63.8532,80.9284,94.4969,106.497,8.9973,56.23,17.7592,55.49,35.0666,54.79,68.6295,53.61
pwtk,double,217918,11634424,53.389,yes,no,0.366818,1.27647,1.72869,1.87222,1.7565,52.3611,66.7255,73.0869,72.8191,5.98892,74.86,11.8402,74.00,23.3988,73.12,41.9811,65.59
pwtk,double,217918,11634424,53.389,yes,yes,0.3668,1.27728,1.82164,2.22461,1.63692,51.8017,68.5682,86.0717,69.5314,5.98892,74.86,11.8402,74.00,23.3988,73.12,41.9811,65.59
pwtk,float,217918,11634424,53.389,yes,yes,0.369147,1.7585,2.21951,2.91072,2.65109,63.0926,83.8096,118.123,104.752,8.9973,56.23,17.7592,55.49,35.0666,54.79,68.6295,53.61
pwtk,float,217918,11634424,53.389,yes,no,0.369092,1.75941,2.13442,2.2931,2.54802,63.602,81.0551,93.2463,106.37,8.9973,56.23,17.7592,55.49,35.0666,54.79,68.6295,53.61
RM07R,double,381689,37464962,98.1557,no,no,0.375915,1.21957,1.4032,1.17935,0.94169,53.3553,59.4252,27.2366,40.6993,4.92902,61.61,8.25144,51.57,13.1098,40.96,19.9369,31.15
RM07R,double,381689,37464962,98.1557,no,yes,0.375923,1.21949,1.41047,1.31668,0.848888,53.3337,59.1688,54.3569,36.2152,4.92902,61.61,8.25144,51.57,13.1098,40.96,19.9369,31.15
RM07R,float,381689,37464962,98.1557,no,yes,0.380284,1.41213,1.81029,1.85366,1.41948,25.0864,78.7321,78.4925,60.9575,6.57389,41.08,11.0391,34.49,18.484,28.88,32.873,25.68
RM07R,float,381689,37464962,98.1557,no,no,0.380285,1.41176,1.81708,1.6039,1.53373,63.7149,79.0802,70.2107,66.9817,6.57389,41.08,11.0391,34.49,18.484,28.88,32.873,25.68
RM07R,double,381689,37464962,98.1557,yes,no,0.375938,1.21966,1.40393,1.18033,0.942238,53.5766,59.5386,50.0484,40.7121,4.92902,61.61,8.25144,51.57,13.1098,40.96,19.9369,31.15
RM07R,double,381689,37464962,98.1557,yes,yes,0.37593,1.21943,1.4106,1.31686,0.84881,53.1928,59.1302,54.582,36.4242,4.92902,61.61,8.25144,51.57,13.1098,40.96,19.9369,31.15
RM07R,float,381689,37464962,98.1557,yes,yes,0.380277,1.41237,1.81001,1.85414,1.47013,63.8184,78.8316,78.9167,63.5365,6.57389,41.08,11.0391,34.49,18.484,28.88,32.873,25.68
RM07R,float,381689,37464962,98.1557,yes,no,0.380263,1.41193,1.81775,1.60372,1.53421,63.9078,78.8871,70.2019,67.3487,6.57389,41.08,11.0391,34.49,18.484,28.88,32.873,25.68
Serena,double,1391349,64531701,46.3807,no,no,0.358895,0.814723,1.03199,0.896986,0.720935,35.1826,42.5083,37.549,30.6662,4.10003,51.25,6.95211,43.45,10.6615,33.31,15.5649,24.32
Serena,double,1391349,64531701,46.3807,no,yes,0.358928,0.814816,1.05261,1.01852,0.658614,35.092,42.8377,41.4354,28.2823,4.10003,51.25,6.95211,43.45,10.6615,33.31,15.5649,24.32
Serena,float,1391349,64531701,46.3807,no,yes,0.363753,0.926722,1.26417,1.38419,0.983535,41.9565,55.3414,59.7868,42.0927,5.45608,34.10,9.44952,29.52,14.9079,23.29,22.4702,17.55
Serena,float,1391349,64531701,46.3807,no,no,0.363731,0.927147,1.25323,1.14975,1.0027,41.9306,55.2567,51.0094,44.3023,5.45608,34.10,9.44952,29.52,14.9079,23.29,22.4702,17.55
Serena,double,1391349,64531701,46.3807,yes,no,0.3589,0.814736,1.03168,0.89729,0.720887,35.2078,42.5514,37.5035,30.768,4.10003,51.25,6.95211,43.45,10.6615,33.31,15.5649,24.32
Serena,double,1391349,64531701,46.3807,yes,yes,0.358909,0.814908,1.05279,1.01935,0.682398,35.2084,42.8841,41.4673,20.3791,4.10003,51.25,6.95211,43.45,10.6615,33.31,15.5649,24.32
Serena,float,1391349,64531701,46.3807,yes,yes,0.363688,0.926976,1.26486,1.38648,0.946922,41.8962,55.1529,59.7983,41.7194,5.45608,34.10,9.44952,29.52,14.9079,23.29,22.4702,17.55
Serena,float,1391349,64531701,46.3807,yes,no,0.363717,0.927186,1.253,1.14964,1.00296,41.8396,55.2012,50.7904,44.5425,5.45608,34.10,9.44952,29.52,14.9079,23.29,22.4702,17.55
Si41Ge41H72,double,185639,15011265,80.8627,no,no,0.37111,0.73331,0.907357,0.840782,0.703204,31.6563,40.4671,37.56,31.4607,2.62366,32.79,4.97966,31.12,8.99701,28.11,14.5631,22.75
Si41Ge41H72,double,185639,15011265,80.8627,no,yes,0.371151,0.73299,0.920138,0.940239,0.623368,31.655,40.7876,41.9102,28.3549,2.62366,32.79,4.97966,31.12,8.99701,28.11,14.5631,22.75
Si41Ge41H72,float,185639,15011265,80.8627,no,yes,0.375807,0.796437,1.03462,1.09305,0.781805,32.3057,41.3666,48.1187,35.7624,2.88185,18.01,5.50922,17.21,10.1624,15.87,17.3587,13.56
Si41Ge41H72,float,185639,15011265,80.8627,no,no,0.375884,0.795925,1.03877,0.9536,0.866568,32.2992,43.088,40.6713,38.188,2.88185,18.01,5.50922,17.21,10.1624,15.87,17.3587,13.56
Si41Ge41H72,double,185639,15011265,80.8627,yes,no,0.371124,0.733126,0.907836,0.841238,0.703481,31.6276,40.4986,37.4872,31.9054,2.62366,32.79,4.97966,31.12,8.99701,28.11,14.5631,22.75
Si41Ge41H72,double,185639,15011265,80.8627,yes,yes,0.37103,0.732548,0.918831,0.939188,0.645536,31.6227,40.9108,41.948,28.1278,2.62366,32.79,4.97966,31.12,8.99701,28.11,14.5631,22.75
Si41Ge41H72,float,185639,15011265,80.8627,yes,yes,0.3759,0.796106,1.03413,1.09308,0.813349,32.2627,43.0615,48.109,35.8773,2.88185,18.01,5.50922,17.21,10.1624,15.87,17.3587,13.56
Si41Ge41H72,float,185639,15011265,80.8627,yes,no,0.375941,0.796265,1.03961,0.954461,0.866541,32.3186,43.1781,40.6749,38.2764,2.88185,18.01,5.50922,17.21,10.1624,15.87,17.3587,13.56
Si87H76,double,240369,10661631,44.3553,no,no,0.357118,0.488168,0.62377,0.610083,0.549248,21.1997,27.6115,27.083,24.6226,1.75317,21.91,3.41863,21.36,6.5095,20.34,11.284,17.63
Si87H76,double,240369,10661631,44.3553,no,yes,0.357213,0.488063,0.637466,0.689735,0.486566,21.2741,28.173,30.8177,22.1546,1.75317,21.91,3.41863,21.36,6.5095,20.34,11.284,17.63
Si87H76,float,240369,10661631,44.3553,no,yes,0.361731,0.505426,0.673926,0.747434,0.567413,21.1346,28.662,33.1329,25.8908,1.87593,11.72,3.65836,11.43,6.98594,10.91,12.5761,9.82
Si87H76,float,240369,10661631,44.3553,no,no,0.361791,0.505316,0.673696,0.640996,0.618976,21.0553,28.8713,27.9073,27.6516,1.87593,11.72,3.65836,11.43,6.98594,10.91,12.5761,9.82
Si87H76,double,240369,10661631,44.3553,yes,no,0.357184,0.488163,0.623764,0.610404,0.549396,21.2381,27.6288,27.1627,24.572,1.75317,21.91,3.41863,21.36,6.5095,20.34,11.284,17.63
Si87H76,double,240369,10661631,44.3553,yes,yes,0.357159,0.488201,0.637607,0.68992,0.493337,21.2089,28.1529,30.605,22.2093,1.75317,21.91,3.41863,21.36,6.5095,20.34,11.284,17.63
Si87H76,float,240369,10661631,44.3553,yes,yes,0.361754,0.505167,0.67444,0.747584,0.565454,20.9987,28.7401,33.1254,25.8929,1.87593,11.72,3.65836,11.43,6.98594,10.91,12.5761,9.82
Si87H76,float,240369,10661631,44.3553,yes,no,0.361738,0.505163,0.673543,0.640649,0.618831,21.0173,28.8309,27.8746,27.6477,1.87593,11.72,3.65836,11.43,6.98594,10.91,12.5761,9.82
spal,double,10203,46168124,4524.96,no,no,0.344909,1.21344,0.98179,0.672646,0.409937,45.1925,35.9983,26.0587,17.1482,5.96766,74.59,7.29932,45.62,8.13428,25.41,8.63005,13.48
spal,double,10203,46168124,4524.96,no,yes,0.353301,1.26573,1.0735,0.74872,0.363269,45.7093,37.6041,28.9957,14.862,5.96766,74.59,7.29932,45.62,8.13428,25.41,8.63005,13.48
spal,float,10203,46168124,4524.96,no,yes,0.393772,2.3526,1.88101,1.40207,0.695512,91.6212,77.2939,57.9619,30.4593,11.1872,69.92,12.1496,37.96,14.735,23.02,16.3992,12.81
spal,float,10203,46168124,4524.96,no,no,0.394001,2.34945,1.7907,1.29713,0.834033,91.9261,71.2472,52.0969,36.6132,11.1872,69.92,12.1496,37.96,14.735,23.02,16.3992,12.81
spal,double,10203,46168124,4524.96,yes,no,0.358864,1.28913,1.04013,0.707685,0.423296,45.5569,36.6468,27.1487,16.7921,5.96766,74.59,7.29932,45.62,8.13428,25.41,8.63005,13.48
spal,double,10203,46168124,4524.96,yes,yes,0.367456,1.32572,1.13898,0.776781,0.385535,45.4107,38.2858,28.7578,15.123,5.96766,74.59,7.29932,45.62,8.13428,25.41,8.63005,13.48
spal,float,10203,46168124,4524.96,yes,yes,0.394363,2.35582,1.88205,1.40329,0.69571,92.4663,78.71,58.902,30.5338,11.1872,69.92,12.1496,37.96,14.735,23.02,16.3992,12.81
spal,float,10203,46168124,4524.96,yes,no,0.394275,2.3548,1.79284,1.29934,0.834486,92.1776,71.2208,52.2592,36.48,11.1872,69.92,12.1496,37.96,14.735,23.02,16.3992,12.81
torso1,double,116158,8516500,73.3182,no,no,0.410939,1.41968,1.82525,1.90663,1.6384,51.3619,67.1847,68.6934,64.4443,6.53441,81.68,12.8282,80.17,24.6945,77.17,37.5171,58.62
torso1,double,116158,8516500,73.3182,no,yes,0.410939,1.41702,1.94643,2.23322,1.47789,51.7339,69.9023,78.807,60.3018,6.53441,81.68,12.8282,80.17,24.6945,77.17,37.5171,58.62
torso1,float,116158,8516500,73.3182,no,yes,0.416653,1.92887,2.8179,3.19802,2.65373,68.2831,101.482,113.863,99.7673,10.2046,63.77,19.9885,62.46,38.3324,59.89,71.0757,55.52
torso1,float,116158,8516500,73.3182,no,no,0.416513,1.92831,2.44908,2.57883,2.8001,67.7895,87.9401,91.2506,100.619,10.2046,63.77,19.9885,62.46,38.3324,59.89,71.0757,55.52
torso1,double,116158,8516500,73.3182,yes,no,0.410703,1.41971,1.82513,1.90695,1.63869,51.7015,66.95,69.7769,63.4149,6.53441,81.68,12.8282,80.17,24.6945,77.17,37.5171,58.62
torso1,double,116158,8516500,73.3182,yes,yes,0.410787,1.41814,1.94759,2.2317,1.48046,51.3034,70.4375,78.1301,60.2927,6.53441,81.68,12.8282,80.17,24.6945,77.17,37.5171,58.62
torso1,float,116158,8516500,73.3182,yes,yes,0.416636,1.92828,2.81674,3.19422,2.65508,66.8027,100.031,115.455,102.455,10.2046,63.77,19.9885,62.46,38.3324,59.89,71.0757,55.52
torso1,float,116158,8516500,73.3182,yes,no,0.416411,1.92884,2.44959,2.57966,2.80176,67.5838,88.2476,90.6171,98.8661,10.2046,63.77,19.9885,62.46,38.3324,59.89,71.0757,55.52
TSOPF,double,38120,16171169,424.217,no,no,0.391961,2.45978,3.02129,2.81607,2.66816,55.4201,76.9445,92.7217,94.3255,7.5609,94.51,14.9948,93.71,29.5254,92.26,57.4738,89.80
TSOPF,double,38120,16171169,424.217,no,yes,0.391927,2.45872,3.02098,3.14263,2.33297,55.4767,87.0359,116.755,92.2391,7.5609,94.51,14.9948,93.71,29.5254,92.26,57.4738,89.80
TSOPF,float,38120,16171169,424.217,no,yes,0.394136,4.2149,5.38533,5.74778,4.47192,94.1546,153.83,186.563,161.012,14.1856,88.66,28.0035,87.51,54.7522,85.55,105.655,82.54
TSOPF,float,38120,16171169,424.217,no,no,0.394256,4.2225,5.28261,5.05651,5.07741,94.1686,125.665,137.405,150.775,14.1856,88.66,28.0035,87.51,54.7522,85.55,105.655,82.54
TSOPF,double,38120,16171169,424.217,yes,no,0.391921,2.4614,3.01907,2.81651,2.66755,55.7768,76.3848,92.7157,94.3642,7.5609,94.51,14.9948,93.71,29.5254,92.26,57.4738,89.80
TSOPF,double,38120,16171169,424.217,yes,yes,0.391946,2.46082,3.02269,3.14786,2.33133,55.4478,86.2348,116.767,93.6285,7.5609,94.51,14.9948,93.71,29.5254,92.26,57.4738,89.80
TSOPF,float,38120,16171169,424.217,yes,yes,0.394165,4.21158,5.37968,5.73568,4.47289,93.8603,153.747,184.511,162.092,14.1856,88.66,28.0035,87.51,54.7522,85.55,105.655,82.54
TSOPF,float,38120,16171169,424.217,yes,no,0.394239,4.22175,5.2791,5.05314,5.07587,94.3434,124.505,135.623,154.386,14.1856,88.66,28.0035,87.51,54.7522,85.55,105.655,82.54
wikipedia-20060925,double,2983494,37269096,12.4918,no,no,0.127054,0.0877955,0.0727243,0.0502244,0.0328832,2.57819,2.32325,1.7258,1.20193,1.05396,13.17,1.07215,6.70,1.09314,3.41,1.11862,1.74
wikipedia-20060925,double,2983494,37269096,12.4918,no,yes,0.127275,0.0880273,0.0646973,0.0473738,0.026143,2.59398,2.04185,1.59434,0.991711,1.05396,13.17,1.07215,6.70,1.09314,3.41,1.11862,1.74
wikipedia-20060925,float,2983494,37269096,12.4918,no,yes,0.145871,0.103783,0.0802782,0.0577451,0.0302697,3.31391,2.83923,2.14978,1.2383,1.07313,6.70,1.09287,3.41,1.11622,1.74,1.14542,.89
wikipedia-20060925,float,2983494,37269096,12.4918,no,no,0.144746,0.102683,0.0853359,0.0593158,0.0396754,3.33795,3.0151,2.25156,1.59126,1.07313,6.70,1.09287,3.41,1.11622,1.74,1.14542,.89
wikipedia-20060925,double,2983494,37269096,12.4918,yes,no,0.125907,0.0868442,0.0717726,0.0496633,0.032581,2.55433,2.29861,1.66891,1.20321,1.05396,13.17,1.07215,6.70,1.09314,3.41,1.11862,1.74
wikipedia-20060925,double,2983494,37269096,12.4918,yes,yes,0.127259,0.087967,0.0647835,0.0474062,0.0261127,2.59903,1.99657,1.61256,0.984052,1.05396,13.17,1.07215,6.70,1.09314,3.41,1.11862,1.74
wikipedia-20060925,float,2983494,37269096,12.4918,yes,yes,0.145002,0.102885,0.0794812,0.0572043,0.0301134,3.36484,2.8189,2.18845,1.24503,1.07313,6.70,1.09287,3.41,1.11622,1.74,1.14542,.89
wikipedia-20060925,float,2983494,37269096,12.4918,yes,no,0.143885,0.102025,0.0848462,0.0590933,0.039548,3.30845,2.88552,2.17416,1.53692,1.07313,6.70,1.09287,3.41,1.11622,1.74,1.14542,.89
